[1,["ecpdLyjvZBwrvm+cedCcQy","05ZpwlIAFH0IHcsgX+eEqk","25ztxVLHZB7LzbXjLOphbO","2aa1PzEl9LMpBuXkraw1dN","ebFoioxDxJWbZDBUJCrg2g","e97GVMl6JHh5Ml5qEDdSGa","f0BIwQ8D5Ml7nTNQbh1YlS","29FYIk+N1GYaeWH/q1NxQO","7bL5nuEilPL5KNYnCm14Ac","f5P5YkAexDhqz2LOtddMxI","b2TupE3EZGB6GL4vwEl6Dp","a2MjXRFdtLlYQ5ouAFv/+R","c1UeGtme1D6bN6jHNm1hCD","39JfQlVUZLsIw9J7JGbLXs","e3DptDdeBFgqmOjdFy7neR","37oVafl8NPop5eSvwYolHq","bfn9rgbOFDV78bp79myLX6","470wwMo0xHOKdAWU3DLAs4","1dwcYzAbNAB4+IW5q3pJLV","ddev9h3VRObZpbKamMJkgw","05TQtwQ+ZC+p7ys4lK86G2","07RMEhxxxDa5TnUkVrK/3i","94eIHfKQ5CTKpnz+9qKwRR","fd8EoRzyxH1ZmdVkLvezz+","9a0HIJkDFFvqu1tZcrskDc","33KNKHFe9Du5b692dEwAXd","5bm/bfonhDmImann0Zi5LZ","55c8lnipVHSKFnaEEgoqpT","0fzYPe6DFJUYLSmC7d6nKD","4cVSUil1pCkZIIm72bVIO+","f8iKfbb/xJa5M6UotSKTtE","14IcUcEHFMrJU4Z5QbH8Zz","a6ycEdlm1BGp3vi349Xd4V","d3UE+KA6VGO458FLBTCO5I","83fgCi9INMv53Z/1kSdUpL","425bLFbOxCS5rbaHqYxXdN","133mwiWPpDdoYoHwxQ/Idw","71VhFCTINJM6/Ky3oX9nBT","ccxCJVe6hMHpPkphuKRY9h","6faCordgRKToLwkmC99YN+","0f6xkv0I1JOKqOprH9KJ7h","8dgQJkPsFJFYZzZqZ1d27A","049A7TvsVFcIZ/F68nDf/0","31dWRJYrxOxZUoZlcQZe6r","eabD+uYgdJT7BO0cYYuONk","bcYju2mYZHeoW1iViJnrPm","01SYGcPk1Lz50i6Wk7qYm7","e4FpaYOvpKUrYcpn7nkCFd","c4YsBuP/pAD6yEWuUXP+x+","94aD668eVP3oS7fGLgy3ox","96SvN7IhhJ86RzKAOo7pQ1","16EHP+PKNDrZ3Nvle5K6oB","02delMVqdBD70a/HSD99FK","4dN1czzhhAA4XHAM633jVw","50cWgGLFZKIYAqLV7N42ew","e5V4M59MdLDpkXMJGy1b/W","b4P/PCArtIdIH38t6mlw8Y","5a0nNkIw5IJ7ydRe6+Cui+","e8Ueib+qJEhL6mXAHdnwbi","ecgyid13hB75vHqg+f2h9B"],["node","_textureSetter","value","_spriteFrame","_parent","_normalMaterial","_N$pressedSprite","_N$hoverSprite","_N$disabledSprite","_N$target","_N$file","_defaultClip","root","data","spriteFrame","camera","energyBar","highestScoreNode","scoreNode","pauseIcon","startIcon","platforms","player","background","scene","_N$normalSprite","bgm","dieSound","jumpFrame"],["cc.SpriteFrame",["cc.Node",["_name","_active","_id","_groupIndex","_components","_trs","_parent","_contentSize","_children","_color","_anchorPoint","_prefab"],-1,9,7,1,5,2,5,5,4],["cc.Sprite",["_sizeMode","_type","node","_materials","_spriteFrame"],1,1,3,6],["cc.RigidBody",["_type","_fixedRotation","_allowSleep","enabledContactListener","_gravityScale","node"],-2,1],["cc.PhysicsBoxCollider",["_friction","node","_size","_offset"],2,1,5,5],["cc.Widget",["_alignFlags","alignMode","_originalWidth","_originalHeight","_top","_bottom","node"],-3,1],["cc.Animation",["playOnLoad","node","_clips","_defaultClip"],2,1,3,6],["cc.Button",["node","clickEvents","_N$normalColor","_N$pressedColor","_N$disabledColor","_N$target","_normalMaterial","_N$pressedSprite","_N$hoverSprite","_N$disabledSprite","_N$normalSprite"],3,1,9,5,5,5,1,6,6,6,6,6],["cc.Label",["_fontSize","_N$horizontalAlign","_N$verticalAlign","_string","_isSystemFontUsed","_enableWrapText","_N$overflow","node","_materials","_N$file"],-4,1,3,6],["cc.AnimationClip",["_name","_duration","wrapMode","speed","curveData"],-1,11],["cc.SceneAsset",["_name","asyncLoadAssets"],1],["cc.Node",["_name","_active","_children","_components","_contentSize","_anchorPoint","_trs"],1,2,12,5,5,7],["9eafa6oJfhL2YaT2IrMk8jP",["node","background","wall","player","platforms","platformPrefabs","startIcon","pauseIcon","scoreNode","highestScoreNode","energyBar","camera","bgm"],3,1,1,1,1,1,3,1,1,1,1,1,1,6],["cc.Canvas",["node","_designResolution"],3,1,5],["cc.Camera",["_clearFlags","_depth","node"],1,1],["cc.ClickEvent",["_componentId","handler","target"],1,1],["cc.Scene",["_name","_active","_children","_anchorPoint","_trs"],1,2,5,7],["3cd2fFlgBpPIYNN/GI2S42+",["playerSpeed","node","gameMgr"],2,1,1],["cc.AudioClip",["_name","_native","duration","loadMode"],-1],["cc.Prefab",["_name"],2],["a3e6dBne/JI4rscTjPZ8hyF",["node"],3,1],["cc.PrefabInfo",["fileId","root"],2,1],["cc.BitmapFont",["_name","fontSize","_fntConfig"],0]],[[1,0,6,4,7,5,2],[2,2,3,4,1],[4,1,3,2,1],[2,0,2,3,4,2],[1,0,6,8,4,7,5,2],[1,0,6,4,7,2],[2,1,0,2,3,3],[2,1,0,2,3,4,3],[15,0,1,2,3],[1,0,8,7,5,2],[1,0,8,4,7,2],[1,0,3,4,11,7,10,5,3],[3,0,2,1,5,4],[3,0,1,3,5,4],[5,1,0,2,3,6,5],[7,0,1,2,3,4,5,6,7,8,9,1],[8,3,0,4,1,2,7,8,9,6],[18,0,1,2,3,5],[9,0,1,3,2,4,5],[19,0,2],[20,0,1],[21,0,1,2],[22,0,1,2,4],[10,0,1,3],[1,0,8,4,7,5,2],[1,0,2,8,4,7,5,3],[1,0,6,8,4,5,2],[1,0,6,8,5,2],[1,0,6,8,2],[1,0,6,4,9,7,10,5,2],[1,0,1,6,4,7,5,3],[1,0,6,4,5,2],[1,0,6,2],[1,0,1,6,4,5,3],[1,0,6,4,9,7,5,2],[1,0,6,4,9,7,2],[11,0,1,2,3,4,5,6,3],[3,2,4,1,3,5,5],[3,0,5,2],[4,1,2,1],[4,0,1,3,2,2],[2,2,1],[6,1,2,3,1],[6,0,1,2,3,2],[12,0,1,2,3,4,5,6,7,8,9,10,11,12,1],[13,0,1,1],[5,0,6,2],[5,1,0,4,5,2,3,6,7],[14,0,1,2,3],[7,0,1,2,3,4,5,6,10,7,8,9,1],[8,0,5,1,2,6,7,8,6],[16,0,1,2,3,4,3],[17,0,1,2,2],[9,0,1,2,4,4]],[[[{"name":"effect5","rect":[67,51,64,48],"offset":[0,0],"originalSize":[64,48],"rotated":1,"capInsets":[0,0,0,0]}],[0],0,[0],[1],[1]],[[[23,"game",null],[9,"UI",[-1,-2,-3,-4,-5,-6,-7],[5,372,32],[-82.934,185.304,-400.37437,0,0,0,1,1,1,1]],[10,"wall",[-11,-12],[[12,1,false,true,-8],[2,-9,[0,-202.6,207.2],[5,16,768]],[2,-10,[0,200.8,206.6],[5,16,768]]],[5,32,32]],[36,"player",false,[-18],[[[1,-13,[8],9],[37,false,5,true,true,-14],[2,-15,[0,0,9.5],[5,27.1,19]],-16,[42,-17,[47,48],46]],4,4,4,1,4],[5,32,32],[0,0.5,0],[0,-146,0,0,0,0,1,1,1,1]],[24,"GameMgr",[-29],[[44,-28,-27,2,-26,-25,[43,44],-24,-23,-22,-21,-20,-19,45]],[5,420,356],[-85.723,-22.435,-400.37437,0,0,0,1,1,1,1]],[9,"Game",[-30,-31,-32,2,3],[5,420,356],[-84.655,-22.3,0,0,0,0,1,1,1,1]],[25,"Canvas","d3OdQFphdEFZ/NAqOikKWi",[5,-35],[[45,-33,[5,634,436]],[46,45,-34]],[5,634,436],[317,218,0,0,0,0,1,1,1,1]],[26,"Main Camera",6,[4,1],[[48,7,-1,-36]],[0,0,399.5489390241113,0,0,0,1,1,1,1]],[4,"start",1,[-39,-40],[[49,-38,[[8,"9eafa6oJfhL2YaT2IrMk8jP","gameStart",4]],[4,4293322470],[4,4291348680],[4,3363338360],-37,25,26,27,28,29]],[5,50,30],[303.661,-244.665,0,0,0,0,1,1,1,1]],[10,"Background",[-43],[[6,1,0,-41,[38]],[14,0,45,100,40,-42]],[5,50,50]],[0,"floor",5,[[3,0,-44,[2],3],[38,0,-45],[39,-46,[5,387,32]]],[5,387,32],[-1.091,-162.175,0,0,0,0,1,1,1,1]],[27,"healthBar",1,[-47,-48,-49],[-147.021,0,0,0,0,0,1,1,1,1]],[5,"Background",8,[[6,1,0,-50,[22]],[47,0,45,4.440892098500626e-16,-4.440892098500626e-16,100,40,-51]],[5,50,30]],[4,"pause",1,[-54,-55],[[15,-53,[[8,"9eafa6oJfhL2YaT2IrMk8jP","gamePause",4]],[4,4293322470],[4,4291348680],[4,3363338360],-52,33,34,35,36]],[5,50,50],[301.01,-294.274,0,0,0,0,1,1,1,1]],[5,"Background",13,[[6,1,0,-56,[30]],[14,0,45,100,40,-57]],[5,50,50]],[28,"background",5,[-58]],[29,"bar",11,[[3,0,-59,[14],15]],[4,4278255615],[5,0,15],[0,0,0.5],[-0.283,-7.88,0,0,0,0,1,1,1,1]],[0,"score",1,[[16,"0001",32,false,1,1,-60,[18],19]],[5,124,40],[42.569,1.028,0,0,0,0,1,1,1,1]],[0,"highestScore",1,[[16,"0022",32,false,1,1,-61,[20],21]],[5,52,40],[330.78,-148.691,0,0,0,0,1,1,1,1]],[30,"pauseIcon",false,13,[[1,-62,[31],32]],[5,127,47],[-302.86,81.428,0,0,0,0,1,1,1,1]],[4,"abort",1,[9],[[15,-63,[[8,"9eafa6oJfhL2YaT2IrMk8jP","gameEnd",4]],[4,4293322470],[4,4291348680],[4,3363338360],9,39,40,41,42]],[5,50,50],[302.632,-352.961,0,0,0,0,1,1,1,1]],[31,"DebugCollider",4,[[12,1,false,true,-64],[2,-65,[0,-85.5,-208],[5,425.1,11.6]]],[85.723,22,0,0,0,0,1,1,1,1]],[51,"New Node",false,[6],[0,0,0],[0,0,0,0,0,0,1,1,1,1]],[0,"background",15,[[7,2,0,-66,[0],1]],[5,420,1024],[0,329.456,0,0,0,0,1,1,1,1]],[32,"platforms",5],[0,"leftWall",2,[[7,2,0,-67,[4],5]],[5,16,768],[-202,206.025,0,0,0,0,1,1,1,1]],[0,"rightWall",2,[[7,2,0,-68,[6],7]],[5,16,768],[200.543,205.367,0,0,0,0,1,1,1,1]],[33,"effect",false,3,[[41,-69]],[0,20.998,0,0,0,0,1,1,1,1]],[52,90,3,4],[0,"panel",1,[[1,-70,[10],11]],[5,634,436],[82.934,-185.304,0,0,0,0,1,1,1,1]],[34,"black",11,[[3,0,-71,[12],13]],[4,4278190080],[5,95,15],[47.686,-7.88,0,0,0,0,1,1,1,1]],[0,"frame",11,[[1,-72,[16],17]],[5,96,16],[47.915,-8.415,0,0,0,0,1,1,1,1]],[5,"start",8,[[1,-73,[23],24]],[5,46,13]],[35,"Label",9,[[50,20,false,1,1,1,-74,[37]]],[4,4278190080],[5,100,40]]],0,[0,-1,29,0,-2,11,0,-3,17,0,-4,18,0,-5,8,0,-6,13,0,-7,20,0,0,2,0,0,2,0,0,2,0,-1,25,0,-2,26,0,0,3,0,0,3,0,0,3,0,-4,28,0,0,3,0,-1,27,0,15,7,0,16,16,0,17,18,0,18,17,0,19,19,0,20,8,0,21,24,0,22,28,0,23,15,0,0,4,0,-1,21,0,-1,15,0,-2,10,0,-3,24,0,0,6,0,0,6,0,-2,7,0,0,7,0,9,12,0,0,8,0,-1,12,0,-2,32,0,0,9,0,0,9,0,-1,33,0,0,10,0,0,10,0,0,10,0,-1,30,0,-2,16,0,-3,31,0,0,12,0,0,12,0,9,14,0,0,13,0,-1,14,0,-2,19,0,0,14,0,0,14,0,-1,23,0,0,16,0,0,17,0,0,18,0,0,19,0,0,20,0,0,21,0,0,21,0,0,23,0,0,25,0,0,26,0,0,27,0,0,29,0,0,30,0,0,31,0,0,32,0,0,33,0,24,22,1,4,7,2,4,5,3,4,5,4,4,7,5,4,6,6,4,22,9,4,20,74],[0,0,0,0,0,0,0,0,0,0,0,0,0,0,0,0,0,0,0,0,0,0,0,0,0,0,0,0,0,0,0,0,0,0,0,0,0,0,0,0,0,0,0,0,0,0,0,0,0,28,28],[-1,3,-1,3,-1,3,-1,3,-1,3,-1,3,-1,3,-1,3,-1,3,-1,10,-1,10,-1,-1,3,5,25,6,7,8,-1,-1,3,5,6,7,8,-1,-1,5,6,7,8,-1,-2,26,11,-1,-2,27,28],[0,19,0,20,0,10,0,10,0,4,0,21,0,11,0,11,0,22,0,23,0,24,0,0,12,0,12,5,6,7,0,0,25,0,5,6,7,0,0,0,5,6,7,26,27,28,13,13,29,30,4]],[[{"name":"effect1","rect":[67,1,64,48],"offset":[0,0],"originalSize":[64,48],"capInsets":[0,0,0,0]}],[0],0,[0],[1],[1]],[[{"name":"floor","rect":[0,0,384,32],"offset":[0,0],"originalSize":[384,32],"capInsets":[0,0,0,0]}],[0],0,[0],[1],[31]],[[{"name":"panel","rect":[0,0,634,436],"offset":[0,0],"originalSize":[634,436],"capInsets":[0,0,0,0]}],[0],0,[0],[1],[32]],[[[17,"BGM",".mp3",146.259592,1],-1],0,0,[],[],[]],[[{"name":"player6","rect":[409,1,32,32],"offset":[0,0],"originalSize":[32,32],"capInsets":[0,0,0,0]}],[0],0,[0],[1],[2]],[[{"name":"conveyor_3","rect":[1,364,96,16],"offset":[0,0],"originalSize":[96,16],"capInsets":[0,0,0,0]}],[0],0,[0],[1],[3]],[[{"name":"font_small","rect":[0,0,139,14],"offset":[-0.5,0.5],"originalSize":[140,15],"capInsets":[0,0,0,0]}],[0],0,[0],[1],[33]],[[[53,"ConveyorPlatform",0.35,2,[{},"comps",11,[{},"cc.Sprite",11,[{},"spriteFrame",12,[[[{"frame":0},"value",6,0],[{"frame":0.08333333333333333},"value",6,1],[{"frame":0.16666666666666666},"value",6,2],[{"frame":0.25},"value",6,3],[{"frame":0.3333333333333333},"value",6,4]],11,11,11,11,11]]]]]],0,0,[0,0,0,0,0],[2,2,2,2,2],[8,34,35,36,8]],[[{"name":"default_btn_disabled","rect":[0,0,40,40],"offset":[0,0],"originalSize":[40,40],"capInsets":[12,12,12,12]}],[0],0,[0],[1],[37]],[[{"name":"effect2","rect":[133,1,64,48],"offset":[0,0],"originalSize":[64,48],"rotated":1,"capInsets":[0,0,0,0]}],[0],0,[0],[1],[1]],[[{"name":"pause","rect":[0,0,127,47],"offset":[0,0],"originalSize":[127,47],"capInsets":[0,0,0,0]}],[0],0,[0],[1],[38]],[[{"name":"player14","rect":[205,1,32,32],"offset":[0,0],"originalSize":[32,32],"capInsets":[0,0,0,0]}],[0],0,[0],[1],[2]],[[[18,"walk",0.35,2.2,2,[{},"comps",11,[{},"cc.Sprite",11,[{},"spriteFrame",12,[[[{"frame":0},"value",6,0],[{"frame":0.08333333333333333},"value",6,1],[{"frame":0.16666666666666666},"value",6,2],[{"frame":0.25},"value",6,3],[{"frame":0.3333333333333333},"value",6,4]],11,11,11,11,11]]]]]],0,0,[0,0,0,0,0],[2,2,2,2,2],[4,39,40,41,4]],[[{"name":"conveyor_2","rect":[1,346,96,16],"offset":[0,0],"originalSize":[96,16],"capInsets":[0,0,0,0]}],[0],0,[0],[1],[3]],[[{"name":"effect0","rect":[1,1,64,48],"offset":[0,0],"originalSize":[64,48],"capInsets":[0,0,0,0]}],[0],0,[0],[1],[1]],[[[18,"gather",0.6833333333333333,2.2,2,[{},"comps",11,[{},"cc.Sprite",11,[{},"spriteFrame",12,[[[{"frame":0},"value",6,0],[{"frame":0.08333333333333333},"value",6,1],[{"frame":0.16666666666666666},"value",6,2],[{"frame":0.25},"value",6,3],[{"frame":0.3333333333333333},"value",6,4],[{"frame":0.4166666666666667},"value",6,5],[{"frame":0.5},"value",6,6],[{"frame":0.5833333333333334},"value",6,7],[{"frame":0.6666666666666666},"value",6,8]],11,11,11,11,11,11,11,11,11]]],"paths",11,[{},"effect",11,[{},"comps",11,[{},"cc.Sprite",11,[{},"spriteFrame",12,[[[{"frame":0},"value",6,9],[{"frame":0.08333333333333333},"value",6,10],[{"frame":0.16666666666666666},"value",6,11],[{"frame":0.25},"value",6,12],[{"frame":0.3333333333333333},"value",6,13],[{"frame":0.4166666666666667},"value",6,14],[{"frame":0.5},"value",6,15],[{"frame":0.5833333333333334},"value",6,16],[{"frame":0.6666666666666666},"value",6,17]],11,11,11,11,11,11,11,11,11]]]]]]]],0,0,[0,0,0,0,0,0,0,0,0,0,0,0,0,0,0,0,0,0],[2,2,2,2,2,2,2,2,2,2,2,2,2,2,2,2,2,2],[9,14,15,16,9,14,15,16,9,17,42,43,44,45,46,47,48,17]],[[[19,"Conveyor"],[11,"Conveyor",1,[[1,-2,[0],1],[43,true,-3,[3],2],[20,-4],[13,1,true,true,-5],[2,-6,[0,-0.2,12.8],[5,96,6]]],[21,"fb0/7Je5tOEK2qSqNQdc19",-1],[5,96,16],[0,0.5,0],[-115.045,-130,0,0,0,0,1,1,1,1]]],0,[0,12,1,0,0,1,0,0,1,0,0,1,0,0,1,0,0,1,0,13,1,6],[0,0,0,0],[-1,3,11,-1],[0,8,18,18]],[[[19,"Normal"],[11,"Normal",1,[[3,0,-2,[0],1],[13,1,true,true,-3],[40,1,-4,[0,0,8],[5,96,16]],[20,-5]],[21,"dbZoE6InROsKCLo5nhKGTN",-1],[5,96,16],[0,0.5,0],[0,-130,0,0,0,0,1,1,1,1]]],0,[0,12,1,0,0,1,0,0,1,0,0,1,0,0,1,0,13,1,5],[0,0],[-1,3],[0,49]],[[{"name":"player5","rect":[375,1,32,32],"offset":[0,0],"originalSize":[32,32],"capInsets":[0,0,0,0]}],[0],0,[0],[1],[2]],[[{"name":"conveyor_0","rect":[1,310,96,16],"offset":[0,0],"originalSize":[96,16],"capInsets":[0,0,0,0]}],[0],0,[0],[1],[3]],[[{"name":"conveyor_1","rect":[1,328,96,16],"offset":[0,0],"originalSize":[96,16],"capInsets":[0,0,0,0]}],[0],0,[0],[1],[3]],[[{"name":"player7","rect":[443,1,32,32],"offset":[0,0],"originalSize":[32,32],"capInsets":[0,0,0,0]}],[0],0,[0],[1],[2]],[[{"name":"normal","rect":[1,382,96,16],"offset":[0,0],"originalSize":[96,16],"capInsets":[0,0,0,0]}],[0],0,[0],[1],[3]],[[{"name":"frame","rect":[0,0,96,16],"offset":[0,0],"originalSize":[96,16],"capInsets":[0,0,0,0]}],[0],0,[0],[1],[50]],[[[22,"font_small",32,{"commonHeight":32,"fontSize":32,"atlasName":"font_small.png","fontDefDictionary":{"48":{"xOffset":0,"yOffset":0,"xAdvance":13,"rect":{"x":0,"y":0,"width":13,"height":14}},"49":{"xOffset":0,"yOffset":0,"xAdvance":13,"rect":{"x":14,"y":0,"width":13,"height":14}},"50":{"xOffset":0,"yOffset":0,"xAdvance":13,"rect":{"x":28,"y":0,"width":13,"height":14}},"51":{"xOffset":0,"yOffset":0,"xAdvance":13,"rect":{"x":42,"y":0,"width":13,"height":14}},"52":{"xOffset":0,"yOffset":0,"xAdvance":13,"rect":{"x":56,"y":0,"width":13,"height":14}},"53":{"xOffset":0,"yOffset":0,"xAdvance":13,"rect":{"x":70,"y":0,"width":13,"height":14}},"54":{"xOffset":0,"yOffset":0,"xAdvance":13,"rect":{"x":84,"y":0,"width":13,"height":14}},"55":{"xOffset":0,"yOffset":0,"xAdvance":13,"rect":{"x":98,"y":0,"width":13,"height":14}},"56":{"xOffset":0,"yOffset":0,"xAdvance":13,"rect":{"x":112,"y":0,"width":13,"height":14}},"57":{"xOffset":0,"yOffset":0,"xAdvance":13,"rect":{"x":126,"y":0,"width":13,"height":14}}},"kerningDict":{}}]],0,0,[0],[14],[51]],[[{"name":"default_sprite_splash","rect":[0,0,2,2],"offset":[0,0],"originalSize":[2,2],"capInsets":[0,0,0,0]}],[0],0,[0],[1],[52]],[[{"name":"wall","rect":[0,0,16,384],"offset":[0,0],"originalSize":[16,384],"capInsets":[0,0,0,0]}],[0],0,[0],[1],[53]],[[{"name":"effect4","rect":[1,51,64,48],"offset":[0,0],"originalSize":[64,48],"capInsets":[0,0,0,0]}],[0],0,[0],[1],[1]],[[{"name":"player15","rect":[239,1,32,32],"offset":[0,0],"originalSize":[32,32],"capInsets":[0,0,0,0]}],[0],0,[0],[1],[2]],[[{"name":"start","rect":[0,0,46,13],"offset":[0,0],"originalSize":[46,13],"capInsets":[0,0,0,0]}],[0],0,[0],[1],[54]],[[{"name":"effect7","rect":[183,67,64,48],"offset":[0,0],"originalSize":[64,48],"capInsets":[0,0,0,0]}],[0],0,[0],[1],[1]],[[{"name":"background","rect":[0,0,128,128],"offset":[0,0],"originalSize":[128,128],"capInsets":[0,0,0,0]}],[0],0,[0],[1],[55]],[[{"name":"player13","rect":[171,1,32,32],"offset":[0,0],"originalSize":[32,32],"capInsets":[0,0,0,0]}],[0],0,[0],[1],[2]],[[{"name":"effect6","rect":[117,67,64,48],"offset":[0,0],"originalSize":[64,48],"capInsets":[0,0,0,0]}],[0],0,[0],[1],[1]],[[{"name":"default_btn_pressed","rect":[0,0,40,40],"offset":[0,0],"originalSize":[40,40],"capInsets":[12,12,12,12]}],[0],0,[0],[1],[56]],[[{"name":"effect3","rect":[183,1,64,48],"offset":[0,0],"originalSize":[64,48],"rotated":1,"capInsets":[0,0,0,0]}],[0],0,[0],[1],[1]],[[{"name":"player4","rect":[341,1,32,32],"offset":[0,0],"originalSize":[32,32],"capInsets":[0,0,0,0]}],[0],0,[0],[1],[2]],[[{"name":"font_big","rect":[1,0,316,31],"offset":[-1,1],"originalSize":[320,33],"capInsets":[0,0,0,0]}],[0],0,[0],[1],[57]],[[{"name":"default_btn_normal","rect":[0,0,40,40],"offset":[0,0],"originalSize":[40,40],"capInsets":[12,12,12,12]}],[0],0,[0],[1],[58]],[[{"name":"player12","rect":[137,1,32,32],"offset":[0,0],"originalSize":[32,32],"capInsets":[0,0,0,0]}],[0],0,[0],[1],[2]],[[[17,"die",".wav",1.825578,1],-1],0,0,[],[],[]],[[[22,"font_big",32,{"commonHeight":32,"fontSize":32,"atlasName":"font_big.png","fontDefDictionary":{"48":{"xOffset":0,"yOffset":0,"xAdvance":31,"rect":{"x":0,"y":0,"width":31,"height":32}},"49":{"xOffset":0,"yOffset":0,"xAdvance":31,"rect":{"x":32,"y":0,"width":31,"height":32}},"50":{"xOffset":0,"yOffset":0,"xAdvance":31,"rect":{"x":64,"y":0,"width":31,"height":32}},"51":{"xOffset":0,"yOffset":0,"xAdvance":31,"rect":{"x":96,"y":0,"width":31,"height":32}},"52":{"xOffset":0,"yOffset":0,"xAdvance":31,"rect":{"x":128,"y":0,"width":31,"height":32}},"53":{"xOffset":0,"yOffset":0,"xAdvance":31,"rect":{"x":160,"y":0,"width":31,"height":32}},"54":{"xOffset":0,"yOffset":0,"xAdvance":31,"rect":{"x":192,"y":0,"width":31,"height":32}},"55":{"xOffset":0,"yOffset":0,"xAdvance":31,"rect":{"x":224,"y":0,"width":31,"height":32}},"56":{"xOffset":0,"yOffset":0,"xAdvance":31,"rect":{"x":256,"y":0,"width":31,"height":32}},"57":{"xOffset":0,"yOffset":0,"xAdvance":31,"rect":{"x":288,"y":0,"width":31,"height":32}}},"kerningDict":{}}]],0,0,[0],[14],[59]]]]