{"paths":{},"types":[],"uuids":["04zuh/wG5O5IKn3BszMRlB","05ZpwlIAFH0IHcsgX+eEqk","0fzYPe6DFJUYLSmC7d6nKD","14IcUcEHFMrJU4Z5QbH8Zz","25ztxVLHZB7LzbXjLOphbO","2aa1PzEl9LMpBuXkraw1dN","4dN1czzhhAA4XHAM633jVw","50cWgGLFZKIYAqLV7N42ew","5a0nNkIw5IJ7ydRe6+Cui+","71VhFCTINJM6/Ky3oX9nBT","96SvN7IhhJ86RzKAOo7pQ1","a6ycEdlm1BGp3vi349Xd4V","b4P/PCArtIdIH38t6mlw8Y","ccxCJVe6hMHpPkphuKRY9h","d3UE+KA6VGO458FLBTCO5I","e5V4M59MdLDpkXMJGy1b/W","e8Ueib+qJEhL6mXAHdnwbi","f8iKfbb/xJa5M6UotSKTtE","01SYGcPk1Lz50i6Wk7qYm7","02delMVqdBD70a/HSD99FK","049A7TvsVFcIZ/F68nDf/0","05TQtwQ+ZC+p7ys4lK86G2","07RMEhxxxDa5TnUkVrK/3i","0f6xkv0I1JOKqOprH9KJ7h","133mwiWPpDdoYoHwxQ/Idw","16EHP+PKNDrZ3Nvle5K6oB","1dwcYzAbNAB4+IW5q3pJLV","29FYIk+N1GYaeWH/q1NxQO","31dWRJYrxOxZUoZlcQZe6r","33KNKHFe9Du5b692dEwAXd","37oVafl8NPop5eSvwYolHq","39JfQlVUZLsIw9J7JGbLXs","425bLFbOxCS5rbaHqYxXdN","470wwMo0xHOKdAWU3DLAs4","4cVSUil1pCkZIIm72bVIO+","55c8lnipVHSKFnaEEgoqpT","5bm/bfonhDmImann0Zi5LZ","6faCordgRKToLwkmC99YN+","7bL5nuEilPL5KNYnCm14Ac","83fgCi9INMv53Z/1kSdUpL","8dgQJkPsFJFYZzZqZ1d27A","94aD668eVP3oS7fGLgy3ox","94eIHfKQ5CTKpnz+9qKwRR","9a0HIJkDFFvqu1tZcrskDc","a2MjXRFdtLlYQ5ouAFv/+R","b2TupE3EZGB6GL4vwEl6Dp","bcYju2mYZHeoW1iViJnrPm","bfn9rgbOFDV78bp79myLX6","c1UeGtme1D6bN6jHNm1hCD","c4YsBuP/pAD6yEWuUXP+x+","ddev9h3VRObZpbKamMJkgw","e3DptDdeBFgqmOjdFy7neR","e4FpaYOvpKUrYcpn7nkCFd","e97GVMl6JHh5Ml5qEDdSGa","eabD+uYgdJT7BO0cYYuONk","ebFoioxDxJWbZDBUJCrg2g","ecgyid13hB75vHqg+f2h9B","ecpdLyjvZBwrvm+cedCcQy","f0BIwQ8D5Ml7nTNQbh1YlS","f5P5YkAexDhqz2LOtddMxI","fd8EoRzyxH1ZmdVkLvezz+"],"scenes":{"db://assets/Scenes/game.fire":0},"redirect":[19,0,57,0],"deps":["internal"],"packs":{"0389d32cb":[18,0,20,21,22,2,23,24,25,26,27,28,29,30,31,32,33,34,35,36,37,38,39,40,41,42,43,44,45,46,47,48,49,50,51,52,53,54,55,56,58,59,17,60],"042410932":[1,3,4,5,6,7,8,9,10,11,12,13,14,15,16]},"name":"main","importBase":"import","nativeBase":"native","debug":false,"isZip":false,"encrypted":false,"versions":{"import":["0389d32cb","2f289","042410932","8c1f0"],"native":[1,"6b3e4",2,"fa46b",3,"7c616",4,"c2af7",5,"77d47",6,"f5f0f",7,"b8d41",8,"05355",9,"c06a9",10,"0b0b0",11,"57758",12,"83fcc",13,"21068",14,"47d54",15,"dc6ce",16,"90cf4",17,"9a520"]}}